job_title,company_name,city,state,posting_date
Senior Python Developer,"Payne, Roberts and Davis",Stewartbury,AA,2021-04-08
Energy engineer,Vasquez-Davidson,Christopherville,AA,2021-04-08
Legal executive,"Jackson, Chambers and Levy",PortEricaburgh,AA,2021-04-08
Fitness centre manager,Savage-Bradley,EastSeanview,AP,2021-04-08
Product manager,Ramirez Inc,NorthJamieview,AP,2021-04-08
Medical technical officer,Rogers-Yates,Davidville,AP,2021-04-08
Physiological scientist,Kramer-Klein,SouthChristopher,AE,2021-04-08
Textile designer,Meyers-Johnson,PortJonathan,AE,2021-04-08
Television floor manager,Hughes-Williams,Osbornetown,AE,2021-04-08
Waste management officer,"Jones, Williams and Villa",Scotttown,AP,2021-04-08
Software Engineer (Python),Garcia PLC,Ericberg,AE,2021-04-08
Interpreter,Gregory and Sons,Ramireztown,AE,2021-04-08
Architect,"Clark, Garcia and Sosa",Figueroaview,AA,2021-04-08
Meteorologist,Bush PLC,Kelseystad,AA,2021-04-08
Audiological scientist,Salazar-Meyers,Williamsburgh,AE,2021-04-08
English as a second language teacher,"Parker, Murphy and Brooks",Mitchellburgh,AE,2021-04-08
Surgeon,Cruz-Brown,WestJessicabury,AA,2021-04-08
Equities trader,Macdonald-Ferguson,Maloneshire,AE,2021-04-08
Newspaper journalist,"Williams, Peterson and Rojas",Johnsonton,AA,2021-04-08
Materials engineer,Smith and Sons,SouthDavidtown,AP,2021-04-08
Python Programmer (Entry-Level),"Moss, Duncan and Allen",PortSara,AE,2021-04-08
Product/process development scientist,Gomez-Carroll,Marktown,AA,2021-04-08
"Scientist, research (maths)","Manning, Welch and Herring",Laurenland,AE,2021-04-08
Ecologist,"Lee, Gutierrez and Brown",Lauraton,AP,2021-04-08
Materials engineer,"Davis, Serrano and Cook",SouthTammyberg,AP,2021-04-08
Historic buildings inspector/conservation officer,Smith LLC,NorthBrandonville,AP,2021-04-08
Data scientist,Thomas Group,PortRobertfurt,AA,2021-04-08
Psychiatrist,Silva-King,Burnettbury,AE,2021-04-08
Structural engineer,Pierce-Long,Herbertside,AA,2021-04-08
Immigration officer,Walker-Simpson,Christopherport,AP,2021-04-08
Python Programmer (Entry-Level),Cooper and Sons,WestVictor,AE,2021-04-08
Neurosurgeon,"Donovan, Gonzalez and Figueroa",PortAaron,AP,2021-04-08
Broadcast engineer,"Morgan, Butler and Bennett",Loribury,AA,2021-04-08
Make,Snyder-Lee,Angelastad,AP,2021-04-08
"Nurse, adult",Harris PLC,Larrytown,AE,2021-04-08
Air broker,Washington PLC,WestColin,AP,2021-04-08
"Editor, film/video","Brown, Price and Campbell",WestStephanie,AP,2021-04-08
"Production assistant, radio",Mcgee PLC,Laurentown,AP,2021-04-08
"Engineer, communications",Dixon Inc,Wrightberg,AP,2021-04-08
Sales executive,"Thompson, Sheppard and Ward",Alberttown,AE,2021-04-08
Software Developer (Python),Adams-Brewer,Brockburgh,AE,2021-04-08
Futures trader,Schneider-Brady,NorthJason,AE,2021-04-08
Tour manager,Gonzales-Frank,Arnoldhaven,AE,2021-04-08
Cytogeneticist,Smith-Wong,LakeDestiny,AP,2021-04-08
"Designer, multimedia",Pierce-Herrera,SouthTimothyburgh,AP,2021-04-08
Trade union research officer,"Aguilar, Rivera and Quinn",NewJimmyton,AE,2021-04-08
"Chemist, analytical","Lowe, Barnes and Thomas",NewLucasbury,AP,2021-04-08
"Programmer, multimedia","Lewis, Gonzalez and Vasquez",PortCory,AE,2021-04-08
"Engineer, broadcasting (operations)",Taylor PLC,Gileston,AA,2021-04-08
"Teacher, primary school","Oliver, Jones and Ramirez",Cindyshire,AA,2021-04-08
Python Developer,Rivera and Sons,EastMichaelfort,AA,2021-04-08
Manufacturing systems engineer,Garcia PLC,Joybury,AE,2021-04-08
"Producer, television/film/video","Johnson, Wells and Kramer",Emmatown,AE,2021-04-08
"Scientist, forensic",Gonzalez LLC,Colehaven,AP,2021-04-08
Bonds trader,"Morgan, White and Macdonald",PortCoryton,AE,2021-04-08
Editorial assistant,Robinson-Fitzpatrick,Amyborough,AA,2021-04-08
Photographer,"Waters, Wilson and Hoover",Reynoldsville,AA,2021-04-08
Retail banker,Hill LLC,PortBilly,AP,2021-04-08
Jewellery designer,Li-Gregory,Adamburgh,AA,2021-04-08
Ophthalmologist,"Fisher, Ryan and Coleman",Wilsonmouth,AA,2021-04-08
"Back-End Web Developer (Python, Django)",Stewart-Alexander,SouthKimberly,AA,2021-04-08
Licensed conveyancer,Abbott and Sons,Benjaminland,AP,2021-04-08
Futures trader,"Bryant, Santana and Davenport",Zacharyport,AA,2021-04-08
Counselling psychologist,Smith PLC,PortDevonville,AE,2021-04-08
Insurance underwriter,Patterson-Singh,EastThomas,AE,2021-04-08
"Engineer, automotive",Martinez-Berry,NewJeffrey,AP,2021-04-08
"Producer, radio","May, Taylor and Fisher",Davidside,AA,2021-04-08
Dispensing optician,"Bailey, Owen and Thompson",Jamesville,AA,2021-04-08
"Designer, fashion/clothing",Vasquez Ltd,NewKelly,AP,2021-04-08
Chartered loss adjuster,Leblanc LLC,LakeAntonio,AA,2021-04-08
"Back-End Web Developer (Python, Django)","Jackson, Ali and Mckee",NewElizabethside,AA,2021-04-08
Forest/woodland manager,"Blankenship, Knight and Powell",Millsbury,AE,2021-04-08
Clinical cytogeneticist,"Patton, Haynes and Jones",Lloydton,AP,2021-04-08
Print production planner,Wood Inc,PortJeremy,AA,2021-04-08
Systems developer,Collins Group,NewElizabethtown,AA,2021-04-08
Graphic designer,Flores-Nelson,Charlesstad,AE,2021-04-08
Writer,"Mitchell, Jones and Olson",Josephbury,AE,2021-04-08
Field seismologist,Howard Group,Seanfurt,AA,2021-04-08
Chief Strategy Officer,Kramer-Edwards,Williambury,AA,2021-04-08
Air cabin crew,Berry-Houston,SouthJorgeside,AP,2021-04-08
Python Programmer (Entry-Level),Mathews Inc,Robertborough,AP,2021-04-08
Warden/ranger,Riley-Johnson,SouthSaratown,AP,2021-04-08
Sports therapist,Spencer and Sons,Hullview,AA,2021-04-08
Arts development officer,Camacho-Sanchez,Philipland,AP,2021-04-08
Printmaker,Oliver and Sons,NorthPatty,AE,2021-04-08
Health and safety adviser,Eaton PLC,NorthStephen,AE,2021-04-08
Manufacturing systems engineer,Stanley-Frederick,Stevensland,AP,2021-04-08
"Programmer, applications",Bradley LLC,Reyesstad,AE,2021-04-08
Medical physicist,"Parker, Goodwin and Zavala",Bellberg,AP,2021-04-08
Media planner,Kim-Miles,NorthJohnland,AE,2021-04-08
Software Developer (Python),Moreno-Rodriguez,Martinezburgh,AE,2021-04-08
"Surveyor, land/geomatics",Brown-Ortiz,Joshuatown,AE,2021-04-08
Legal executive,Hartman PLC,WestEricstad,AA,2021-04-08
"Librarian, academic",Brooks Inc,Tuckertown,AE,2021-04-08
Barrister,Washington-Castillo,Perezton,AE,2021-04-08
Museum/gallery exhibitions officer,"Nguyen, Yoder and Petty",LakeAbigail,AE,2021-04-08
"Radiographer, diagnostic",Holder LLC,Jacobshire,AP,2021-04-08
Database administrator,Yates-Ferguson,PortSusan,AE,2021-04-08
Furniture designer,Ortega-Lawrence,NorthTiffany,AA,2021-04-08
Ship broker,"Fuentes, Walls and Castro",Michelleville,AP,2021-04-08
